Alaska,United States
Alberta,Canada
Arizona,United States
California,United States
Colorado,United States
Connecticut,United States
Delaware,United States
District of Columbia,United States
Florida,United States
Georgia,United States
Idaho,United States
Illinois,United States
Indiana,United States
Iowa,United States
Maine,United States
Manitoba,Canada
Maryland,United States
Massachusetts,United States
Medfield,United States
Michigan,United States
Minnesota,United States
Mississippi,United States
Missouri,United States
Montana,United States
Nebraska,United States
Nevada,United States
New Jersey,United States
New Mexico,United States
New York,United States
North Carolina,United States
Nunavut,Canada
Ohio,United States
Oklahoma,United States
Ontario,Canada
Ontario,United States
Oregon,United States
Pennsylvania,United States
Quebec,Canada
Ramey,United States
Rhode Island,United States
Saskatchewan,Canada
South Carolina,United States
South Dakota,United States
Sublimity,United States
Tennessee,United States
Texas,United States
Trimble,United States
Utah,United States
Virginia,United States
Washington,United States
West Virginia,United States
Wisconsin,United States
Wyoming,United States
Yukon,Canada
